{
    "Concentration": 55.42028985507247,
    "Clarity": 54.0,
    "Expression": 24.0,
    "Posture": 51.985507246376805,
    "Focus": 50.84057971014493,
    "Understanding": 58.85507246376812,
    "Eye_Contact": 48.55072463768116,
    "Overall": 79.559012345323
}